"id","age","gender","income","education","region","loyalty_status","purchase_frequency","purchase_amount","product_category","promotion_usage","satisfaction_score"
80214,33,"Male",39464,"College","North","Regular","rare",12692,"Books",0,5
14645,20,"Female",8394,"College","East","Regular","occasional",3264,"Electronics",0,6
66426,30,"Female",43184,"College","North","Regular","rare",14242,"Clothing",0,5
96560,31,"Female",33517,"HighSchool","South","Regular","rare",13421,"Books",0,6
12345,25,"Female",18065,"HighSchool","West","Regular","rare",6874,"Electronics",0,5
81234,30,"Male",12176,"Masters","East","Gold","frequent",3554,"Electronics",0,3
32002,30,"Male",24791,"Masters","North","Silver","frequent",7151,"Electronics",0,5
23384,32,"Female",44063,"College","East","Silver","frequent",14769,"Health",0,4
34309,31,"Female",46286,"College","South","Gold","occasional",15355,"Food",0,4
32239,28,"Female",18893,"College","North","Silver","frequent",6979,"Clothing",1,4
53792,31,"Female",22579,"Bachelor","West","Regular","frequent",6317,"Electronics",0,4
52692,25,"Male",22641,"College","West","Silver","rare",7585,"Clothing",0,5
13893,25,"Female",29225,"Bachelor","West","Regular","frequent",14121,"Clothing",1,7
70775,36,"Male",19934,"College","East","Silver","occasional",8983,"Books",0,5
76094,27,"Male",49863,"College","North","Gold","rare",15843,"Electronics",0,5
19479,37,"Female",44356,"College","North","Regular","rare",11628,"Clothing",1,5
93618,28,"Male",19432,"College","South","Silver","rare",7271,"Clothing",0,4
31203,23,"Female",32695,"Masters","East","Regular","frequent",11140,"Electronics",0,5
28582,33,"Male",23932,"Bachelor","North","Regular","occasional",8433,"Health",0,5
33424,31,"Female",32122,"Masters","South","Regular","rare",11572,"Clothing",0,4
44957,34,"Female",34956,"Bachelor","South","Regular","occasional",12130,"Books",0,3
92719,41,"Female",45461,"HighSchool","North","Regular","occasional",17931,"Electronics",1,5
14277,30,"Male",14320,"Bachelor","West","Regular","rare",4881,"Electronics",0,5
43995,28,"Male",35339,"Bachelor","North","Silver","rare",13920,"Electronics",0,6
84624,32,"Female",24133,"Bachelor","North","Regular","rare",10453,"Food",1,6
63079,35,"Female",7921,"Bachelor","East","Silver","frequent",2414,"Electronics",0,3
66799,31,"Female",7290,"HighSchool","North","Regular","occasional",2417,"Clothing",1,7
95132,34,"Female",21073,"HighSchool","West","Regular","occasional",7892,"Clothing",1,6
9588,29,"Male",35095,"HighSchool","South","Regular","occasional",13782,"Beauty",0,5
17541,28,"Female",22791,"HighSchool","West","Regular","rare",7105,"Books",0,3
18669,36,"Male",6634,"Bachelor","South","Regular","rare",2376,"Electronics",1,6
46768,21,"Female",36965,"HighSchool","West","Gold","frequent",13061,"Clothing",0,5
78491,31,"Female",17082,"College","East","Regular","rare",5817,"Electronics",0,5
50844,30,"Female",21963,"College","North","Silver","frequent",9771,"Clothing",0,5
32019,27,"Female",30537,"College","East","Silver","occasional",10494,"Health",0,6
51454,35,"Male",5491,"College","South","Regular","rare",1950,"Electronics",0,6
4642,31,"Male",7793,"Bachelor","South","Silver","rare",1916,"Food",1,5
71412,23,"Male",15652,"College","East","Regular","rare",5061,"Health",1,3
37638,21,"Female",24451,"HighSchool","East","Regular","occasional",8708,"Clothing",0,3
78087,27,"Female",38170,"College","East","Regular","rare",17042,"Health",1,5
40816,31,"Male",44685,"HighSchool","South","Regular","occasional",9669,"Books",1,6
1188,29,"Female",49702,"HighSchool","East","Silver","frequent",18349,"Food",0,4
14775,33,"Female",23487,"College","East","Regular","rare",7294,"Food",0,4
9534,28,"Male",39150,"Bachelor","West","Regular","rare",13014,"Beauty",0,6
29971,29,"Male",24051,"Masters","South","Regular","frequent",9670,"Clothing",0,4
12852,29,"Male",40327,"Masters","East","Regular","rare",14212,"Books",1,6
59305,26,"Female",12775,"Bachelor","East","Regular","rare",3355,"Books",0,5
82783,31,"Male",29147,"Bachelor","North","Silver","rare",9080,"Clothing",0,3
81894,27,"Female",33593,"Masters","West","Regular","frequent",12362,"Books",1,6
44424,36,"Female",12632,"Bachelor","West","Regular","frequent",5110,"Electronics",0,4
7421,26,"Female",47712,"HighSchool","South","Silver","rare",19550,"Food",1,5
92046,31,"Male",44107,"Bachelor","East","Silver","occasional",13602,"Food",1,5
81623,30,"Male",18041,"College","West","Regular","rare",6190,"Electronics",0,5
17778,26,"Female",5430,"Bachelor","West","Regular","occasional",2161,"Home",0,6
5355,33,"Male",15154,"College","East","Regular","rare",5667,"Health",0,7
13064,27,"Female",9406,"Bachelor","North","Regular","rare",3342,"Clothing",1,5
14726,23,"Male",30130,"HighSchool","East","Regular","rare",7788,"Electronics",0,5
99451,35,"Male",47554,"HighSchool","West","Regular","occasional",16553,"Electronics",0,5
98486,29,"Male",28212,"College","East","Regular","occasional",11010,"Food",1,6
3432,37,"Female",17152,"Bachelor","West","Silver","rare",6766,"Beauty",0,4
98264,28,"Female",41824,"College","West","Regular","occasional",16462,"Health",0,4
51742,30,"Female",7474,"Bachelor","East","Silver","rare",2014,"Clothing",0,4
47565,30,"Female",37553,"Bachelor","North","Regular","rare",13693,"Beauty",0,4
33670,29,"Female",13119,"Masters","East","Gold","frequent",6339,"Clothing",0,5
26675,33,"Female",7989,"Bachelor","South","Regular","rare",2473,"Electronics",0,5
78045,25,"Male",23352,"College","South","Regular","frequent",10424,"Books",0,5
20878,35,"Male",20540,"College","North","Regular","frequent",6028,"Books",0,7
7662,33,"Male",40517,"HighSchool","West","Regular","occasional",16297,"Clothing",1,5
33571,20,"Male",16310,"Bachelor","South","Regular","frequent",5666,"Electronics",0,4
479,32,"Male",9268,"Bachelor","East","Silver","rare",3659,"Electronics",0,5
8123,34,"Male",20282,"HighSchool","North","Regular","occasional",7072,"Electronics",0,5
54784,36,"Female",26350,"HighSchool","South","Silver","occasional",8279,"Books",0,5
43953,36,"Male",6722,"HighSchool","West","Gold","occasional",2120,"Food",0,5
56402,28,"Female",49286,"College","South","Regular","occasional",14566,"Clothing",0,4
7438,32,"Female",9973,"College","South","Silver","rare",3468,"Food",0,5
16292,21,"Female",19853,"Bachelor","East","Gold","frequent",6992,"Health",0,5
25060,32,"Male",41659,"College","East","Silver","occasional",16242,"Clothing",0,6
67085,30,"Female",38797,"College","West","Regular","rare",13172,"Clothing",0,3
34823,26,"Male",40959,"Masters","West","Regular","occasional",15326,"Books",1,5
52189,32,"Male",7538,"HighSchool","West","Silver","occasional",2705,"Food",1,4
8744,30,"Female",31556,"Bachelor","North","Regular","rare",9914,"Electronics",0,4
38559,27,"Male",25009,"College","East","Regular","rare",9362,"Health",0,4
23487,35,"Male",47000,"College","South","Silver","rare",16184,"Electronics",0,6
57453,24,"Male",22430,"College","North","Regular","rare",9886,"Electronics",1,6
81017,30,"Male",34318,"College","North","Regular","rare",10796,"Electronics",1,5
1559,25,"Male",40812,"Bachelor","West","Silver","frequent",14779,"Electronics",0,4
36038,39,"Female",37734,"College","West","Gold","rare",15426,"Beauty",0,7
2121,30,"Female",12859,"College","South","Silver","rare",4838,"Clothing",0,5
89040,26,"Female",14165,"College","East","Regular","rare",5059,"Beauty",0,3
51111,30,"Male",39062,"College","East","Regular","frequent",13070,"Health",1,5
45713,33,"Female",22688,"Bachelor","North","Regular","occasional",8000,"Electronics",1,5
38436,29,"Male",25652,"College","East","Regular","rare",8036,"Electronics",0,6
44211,35,"Female",40295,"College","North","Regular","rare",14722,"Home",0,5
7335,33,"Male",25429,"HighSchool","East","Regular","occasional",9041,"Books",0,5
21418,34,"Male",10208,"College","East","Silver","rare",4085,"Clothing",0,7
18001,31,"Female",26255,"College","North","Silver","rare",8366,"Food",1,4
44102,32,"Female",27666,"College","East","Regular","rare",7997,"Books",1,5
98895,31,"Female",42599,"College","East","Regular","rare",15683,"Books",0,4
77349,32,"Female",46557,"College","East","Silver","frequent",15695,"Beauty",0,6
55694,25,"Male",8502,"HighSchool","East","Silver","frequent",2956,"Electronics",1,4
65514,27,"Female",12580,"College","North","Silver","rare",5074,"Books",0,6
26466,29,"Male",28702,"HighSchool","East","Regular","rare",10854,"Home",0,6
34594,32,"Female",19486,"College","West","Regular","rare",7389,"Electronics",0,5
82492,26,"Female",6726,"HighSchool","East","Silver","rare",2179,"Health",0,2
87691,29,"Male",10316,"HighSchool","West","Regular","frequent",3293,"Electronics",0,5
75678,33,"Female",26160,"College","North","Silver","frequent",6069,"Books",0,4
78875,31,"Male",48269,"Bachelor","East","Silver","occasional",17139,"Health",0,5
2908,35,"Male",21296,"College","East","Silver","rare",7652,"Books",1,3
34144,40,"Male",17251,"College","East","Regular","rare",6555,"Electronics",0,5
17861,31,"Female",5205,"HighSchool","East","Regular","occasional",2004,"Electronics",0,5
62419,35,"Female",42406,"College","South","Regular","rare",14215,"Food",1,4
18153,27,"Female",49861,"College","West","Regular","frequent",19371,"Electronics",0,4
43256,23,"Female",9843,"Bachelor","West","Gold","frequent",3317,"Food",0,5
93949,29,"Male",29055,"Bachelor","West","Regular","rare",8626,"Electronics",0,5
24018,28,"Male",13457,"College","West","Silver","occasional",4486,"Clothing",0,3
38015,34,"Female",41427,"Bachelor","East","Silver","rare",16734,"Books",0,5
70237,40,"Male",15400,"College","West","Regular","frequent",6036,"Electronics",0,6
36597,35,"Male",49014,"College","South","Regular","occasional",16326,"Beauty",1,7
21523,22,"Male",13889,"HighSchool","East","Regular","occasional",5848,"Electronics",0,5
84283,29,"Female",31633,"Bachelor","West","Gold","rare",12022,"Clothing",1,6
73778,29,"Male",6983,"College","South","Silver","rare",2416,"Clothing",0,5
39723,29,"Female",47235,"Bachelor","West","Regular","frequent",19767,"Books",0,4
18308,31,"Female",5402,"Bachelor","South","Silver","frequent",1955,"Books",0,6
71093,22,"Male",5001,"Bachelor","West","Regular","rare",1562,"Books",0,5
3485,26,"Female",35908,"College","North","Regular","rare",9942,"Books",1,6
7405,28,"Male",47798,"Bachelor","East","Regular","rare",16245,"Electronics",0,5
20545,29,"Male",46666,"College","East","Silver","occasional",18039,"Books",0,5
14678,30,"Male",44841,"Bachelor","South","Regular","frequent",17351,"Clothing",0,4
5695,32,"Female",39288,"Bachelor","South","Regular","rare",13316,"Clothing",1,5
91104,30,"Male",30290,"College","West","Silver","rare",12180,"Books",1,5
21826,28,"Male",13644,"College","West","Silver","rare",4270,"Electronics",0,5
8005,29,"Male",11792,"College","South","Gold","occasional",3747,"Health",1,6
94239,40,"Male",42757,"Bachelor","North","Regular","rare",12200,"Beauty",1,5
64515,20,"Female",24940,"Masters","East","Regular","rare",9139,"Clothing",0,4
54721,22,"Male",26303,"Bachelor","West","Regular","occasional",10047,"Electronics",1,6
73665,28,"Male",35200,"HighSchool","West","Regular","rare",11837,"Electronics",0,4
6658,36,"Female",16808,"College","West","Regular","rare",7678,"Food",0,4
95331,23,"Female",26101,"College","West","Regular","rare",8462,"Clothing",1,6
54035,25,"Male",41655,"Bachelor","East","Regular","rare",14476,"Electronics",0,3
58557,25,"Female",38855,"HighSchool","South","Silver","occasional",10204,"Electronics",0,5
90551,25,"Male",48513,"College","East","Silver","rare",16418,"Food",0,4
11549,29,"Male",34186,"Masters","North","Regular","occasional",10727,"Food",0,6
53590,29,"Female",38777,"HighSchool","North","Silver","occasional",14338,"Electronics",0,2
30937,25,"Male",6065,"College","East","Silver","occasional",2072,"Food",0,5
58033,28,"Male",42752,"College","West","Silver","frequent",16346,"Health",1,5
37212,31,"Male",34002,"Bachelor","East","Regular","rare",9603,"Health",0,6
93163,33,"Female",40248,"Masters","East","Regular","occasional",12395,"Clothing",0,6
39028,35,"Female",45274,"College","North","Gold","frequent",17091,"Clothing",1,4
4457,26,"Female",27992,"HighSchool","South","Regular","rare",9767,"Health",0,6
53770,28,"Male",47140,"Bachelor","West","Regular","occasional",16436,"Food",0,4
73372,26,"Female",34015,"College","South","Regular","frequent",11597,"Electronics",0,5
98174,28,"Male",33928,"College","West","Regular","rare",10780,"Beauty",0,4
78439,27,"Female",6999,"Bachelor","West","Silver","rare",2744,"Electronics",0,5
24897,28,"Female",47907,"College","East","Regular","rare",17811,"Electronics",0,4
26822,31,"Male",25701,"College","North","Regular","rare",9521,"Home",0,6
29953,38,"Female",22945,"Bachelor","East","Gold","rare",9923,"Electronics",0,5
1467,30,"Female",49361,"Bachelor","West","Regular","rare",20592,"Electronics",1,6
4729,32,"Female",19519,"Bachelor","East","Regular","frequent",7383,"Clothing",1,6
40996,39,"Female",8709,"HighSchool","East","Silver","rare",2937,"Electronics",0,5
32212,30,"Male",9071,"Bachelor","West","Gold","occasional",2875,"Electronics",1,7
45923,23,"Male",32320,"College","East","Regular","rare",10354,"Clothing",0,6
43293,33,"Male",48964,"Masters","East","Regular","frequent",14481,"Health",0,4
17002,29,"Male",7555,"College","East","Regular","occasional",2594,"Electronics",0,5
7276,36,"Male",28534,"College","South","Regular","rare",8795,"Clothing",1,5
31437,32,"Female",40207,"HighSchool","West","Regular","rare",12918,"Electronics",1,5
90530,35,"Male",7269,"Bachelor","South","Regular","frequent",2621,"Home",0,4
18474,27,"Male",15110,"College","East","Silver","occasional",4592,"Clothing",1,6
35597,30,"Male",34548,"College","South","Regular","occasional",13796,"Clothing",0,5
63387,31,"Male",40063,"College","North","Regular","frequent",11318,"Books",0,4
29974,33,"Male",27565,"HighSchool","West","Regular","occasional",8002,"Books",1,5
20206,27,"Male",14098,"HighSchool","East","Silver","rare",4713,"Home",0,4
95796,30,"Male",35060,"Bachelor","East","Silver","frequent",13159,"Books",0,5
50031,25,"Female",30978,"Bachelor","East","Regular","rare",12571,"Food",0,5
8564,31,"Female",49316,"Bachelor","South","Regular","rare",20258,"Clothing",0,4
83634,27,"Female",36420,"Masters","South","Regular","frequent",10472,"Food",0,6
92786,28,"Male",36495,"College","East","Regular","occasional",10260,"Books",0,5
76451,29,"Male",30912,"College","West","Silver","rare",12039,"Clothing",0,5
80647,40,"Female",32359,"College","East","Regular","rare",11830,"Food",0,6
6785,28,"Male",35233,"Bachelor","West","Regular","frequent",12616,"Electronics",1,5
43055,36,"Female",14409,"Bachelor","South","Silver","occasional",4759,"Electronics",0,5
60438,33,"Male",42172,"Bachelor","North","Silver","occasional",14227,"Food",0,5
42928,32,"Male",36377,"HighSchool","East","Regular","frequent",13868,"Food",0,5
23298,36,"Male",17050,"HighSchool","East","Regular","rare",5026,"Food",1,4
64821,25,"Male",31463,"Bachelor","West","Regular","rare",11372,"Clothing",0,6
62492,35,"Male",39795,"Masters","East","Regular","occasional",13773,"Clothing",1,5
31457,35,"Male",30466,"College","West","Silver","frequent",13351,"Books",0,7
88604,23,"Female",25153,"College","East","Regular","rare",9069,"Electronics",0,6
57492,31,"Female",34398,"Bachelor","West","Gold","rare",9589,"Books",0,5
95084,34,"Female",21187,"Masters","North","Silver","occasional",7853,"Electronics",1,6
75338,31,"Female",33200,"College","South","Silver","occasional",16458,"Health",1,3
75556,27,"Female",17742,"College","East","Silver","rare",5935,"Electronics",0,3
84442,34,"Female",22304,"College","South","Silver","frequent",7743,"Clothing",0,5
78983,31,"Male",41217,"College","North","Silver","occasional",13351,"Electronics",0,4
85404,28,"Male",15566,"Bachelor","West","Regular","occasional",5431,"Clothing",0,5
72262,31,"Female",43986,"HighSchool","South","Regular","occasional",15962,"Clothing",0,4
8565,27,"Male",30494,"College","West","Regular","rare",12251,"Electronics",0,6
82350,33,"Male",27498,"Bachelor","South","Regular","rare",9030,"Electronics",1,7
75461,35,"Female",15520,"College","West","Silver","frequent",5370,"Books",1,4
13672,29,"Female",29588,"College","South","Regular","occasional",11920,"Home",0,5
97461,34,"Female",22141,"Bachelor","West","Regular","rare",6143,"Food",0,6
30717,27,"Male",16660,"Bachelor","West","Regular","occasional",4912,"Beauty",0,4
5506,33,"Male",35182,"College","East","Gold","frequent",14215,"Clothing",0,5
21898,26,"Male",8722,"College","South","Regular","rare",3564,"Beauty",0,4
81640,26,"Female",29346,"College","West","Regular","rare",10805,"Clothing",0,5
51698,31,"Female",22373,"College","East","Regular","rare",7962,"Health",0,5
80077,34,"Male",37146,"HighSchool","East","Silver","rare",11690,"Electronics",1,6
99282,29,"Female",41339,"College","North","Regular","rare",15530,"Home",1,5
2216,28,"Female",44965,"HighSchool","North","Regular","occasional",11347,"Electronics",0,6
60047,32,"Female",10720,"College","North","Regular","rare",3842,"Books",0,4
62194,29,"Male",20176,"College","East","Silver","occasional",9138,"Food",0,7
73523,25,"Female",35132,"College","West","Regular","rare",13646,"Health",1,6
51437,37,"Female",15175,"Bachelor","North","Silver","rare",5518,"Electronics",1,4
29793,21,"Male",14417,"College","South","Gold","occasional",4707,"Electronics",0,6
86068,31,"Female",21985,"HighSchool","North","Gold","rare",7547,"Books",0,6
37932,29,"Male",41571,"College","North","Regular","rare",15729,"Clothing",0,6
93999,23,"Male",43187,"College","East","Regular","occasional",18335,"Books",1,6
85025,32,"Female",34478,"HighSchool","East","Regular","frequent",13560,"Electronics",1,5
60612,27,"Female",11502,"College","West","Regular","rare",4178,"Electronics",0,5
57466,42,"Female",24267,"HighSchool","West","Silver","frequent",6628,"Food",0,5
57221,28,"Male",12796,"Bachelor","East","Silver","rare",4365,"Electronics",0,5
15460,34,"Female",6359,"HighSchool","West","Regular","occasional",2107,"Clothing",0,3
32338,28,"Female",12732,"College","West","Gold","rare",3212,"Electronics",0,5
52276,25,"Female",21580,"HighSchool","North","Silver","rare",9388,"Home",0,6
13590,30,"Female",33876,"College","West","Regular","occasional",10959,"Electronics",1,6
25566,33,"Male",38520,"College","East","Silver","rare",9960,"Books",0,4
22432,29,"Male",49939,"HighSchool","East","Silver","occasional",18952,"Home",0,4
42215,31,"Female",39297,"HighSchool","North","Regular","occasional",13380,"Electronics",0,5
84531,29,"Female",45291,"Bachelor","West","Silver","frequent",14442,"Clothing",0,3
7289,24,"Female",20084,"College","East","Regular","rare",6286,"Home",0,6
63193,25,"Male",14380,"HighSchool","South","Regular","rare",4360,"Books",0,4
71980,32,"Female",47454,"HighSchool","West","Gold","frequent",18373,"Food",0,5
52556,33,"Male",17226,"Bachelor","South","Regular","rare",5836,"Health",0,5
23274,30,"Female",25202,"Bachelor","East","Regular","occasional",8790,"Clothing",0,5
23158,28,"Male",23811,"College","North","Silver","rare",9298,"Food",0,5
2586,27,"Male",43262,"Bachelor","North","Gold","occasional",18126,"Clothing",0,6
56800,27,"Male",20908,"College","East","Regular","rare",7499,"Beauty",1,4
52401,26,"Female",6757,"Bachelor","West","Silver","rare",2364,"Food",0,6
76075,29,"Male",34707,"College","West","Silver","rare",14661,"Clothing",1,8
63842,27,"Female",14749,"College","East","Silver","occasional",6570,"Books",0,5
94015,23,"Female",30790,"Bachelor","West","Regular","frequent",11601,"Electronics",0,7
35362,30,"Female",40701,"Bachelor","West","Regular","rare",14914,"Electronics",1,6
93141,25,"Female",21394,"Bachelor","North","Regular","frequent",7024,"Electronics",0,5
17878,31,"Male",42324,"College","West","Regular","rare",13967,"Clothing",0,3
46429,32,"Female",38224,"College","South","Silver","occasional",12276,"Health",0,4
85559,28,"Female",33523,"Masters","South","Regular","occasional",12251,"Electronics",1,5
76197,44,"Male",32468,"Bachelor","North","Regular","rare",13564,"Home",1,6
10017,30,"Female",31988,"College","West","Regular","rare",10860,"Books",0,6
63916,34,"Female",14271,"HighSchool","East","Regular","rare",4536,"Clothing",0,6
90622,32,"Female",44827,"College","West","Regular","rare",18705,"Clothing",0,5
56290,26,"Male",13945,"Bachelor","North","Gold","rare",5175,"Electronics",0,5
26592,29,"Female",12060,"Bachelor","West","Silver","occasional",4892,"Clothing",0,4
31774,32,"Male",19778,"Bachelor","South","Silver","occasional",6602,"Books",0,6
38375,34,"Female",34722,"Bachelor","West","Regular","frequent",10389,"Food",1,7
34294,38,"Male",28870,"HighSchool","West","Regular","rare",9883,"Books",0,6
68477,20,"Female",18639,"Masters","North","Regular","occasional",6485,"Books",0,6
46290,29,"Female",21403,"College","East","Regular","frequent",8559,"Clothing",0,8
55685,27,"Male",24354,"HighSchool","West","Silver","frequent",10103,"Food",1,3
35322,36,"Female",19957,"College","West","Silver","frequent",7886,"Electronics",0,4
88254,25,"Female",13317,"College","North","Regular","rare",4927,"Electronics",1,6
73528,30,"Male",41749,"College","North","Silver","rare",14554,"Electronics",0,7
90194,34,"Female",7968,"College","East","Regular","rare",2820,"Books",0,4
27332,27,"Male",36748,"Bachelor","South","Silver","frequent",14155,"Beauty",0,4
2130,33,"Male",30927,"College","South","Regular","frequent",9764,"Clothing",0,6
87620,32,"Male",28445,"Bachelor","East","Silver","frequent",9361,"Electronics",0,6
55867,32,"Female",20574,"HighSchool","East","Regular","rare",6144,"Electronics",1,6
35937,31,"Female",27105,"Bachelor","East","Regular","occasional",8883,"Clothing",0,5
49331,25,"Male",39634,"College","East","Regular","rare",15920,"Electronics",1,5
54033,28,"Female",29230,"College","East","Silver","rare",11541,"Books",1,5
374,34,"Female",42544,"HighSchool","East","Silver","occasional",11805,"Electronics",0,5
80136,23,"Male",47780,"College","West","Regular","frequent",13681,"Electronics",0,3
29237,22,"Male",25365,"Bachelor","West","Gold","rare",7298,"Electronics",0,4
98976,26,"Female",37573,"College","West","Regular","frequent",14611,"Electronics",0,7
7381,30,"Male",26897,"College","West","Silver","rare",8749,"Health",1,5
59721,34,"Male",28315,"College","West","Silver","rare",9313,"Health",0,3
20272,30,"Female",21712,"Bachelor","North","Silver","rare",6433,"Electronics",0,5
4169,31,"Male",24200,"College","West","Regular","rare",8377,"Food",0,6
17899,29,"Female",15689,"Bachelor","West","Regular","occasional",5677,"Books",0,6
211,31,"Female",29747,"Bachelor","West","Regular","occasional",12160,"Electronics",0,2
12093,35,"Male",43297,"Bachelor","East","Regular","occasional",13884,"Clothing",1,6
27579,34,"Female",6276,"College","East","Gold","rare",2231,"Health",1,5
46415,37,"Male",46981,"HighSchool","South","Regular","rare",17780,"Books",1,4
36928,34,"Female",29374,"College","North","Gold","rare",8530,"Home",0,5
69297,38,"Male",16355,"College","South","Regular","occasional",5249,"Health",0,5
12764,31,"Female",20574,"Bachelor","East","Regular","frequent",7313,"Electronics",0,5
72057,29,"Female",31358,"College","West","Regular","rare",8844,"Electronics",1,5
73907,36,"Male",23118,"Masters","North","Regular","frequent",10138,"Electronics",0,6
20033,34,"Female",29230,"Bachelor","West","Regular","rare",10801,"Clothing",0,7
9071,33,"Female",41485,"Bachelor","East","Silver","occasional",15170,"Clothing",0,6
29721,28,"Female",46592,"HighSchool","South","Silver","rare",19558,"Health",1,5
1268,36,"Female",32111,"College","West","Silver","frequent",12156,"Electronics",0,5
21090,32,"Female",34259,"College","South","Gold","rare",12219,"Electronics",1,5
84317,27,"Female",24247,"College","West","Silver","frequent",8254,"Electronics",0,6
61206,31,"Male",9610,"Bachelor","West","Regular","occasional",3944,"Clothing",0,5
92763,28,"Male",37426,"College","West","Regular","rare",14546,"Electronics",0,5
3555,24,"Male",7742,"College","South","Regular","occasional",3307,"Food",0,4
9803,26,"Male",29234,"HighSchool","East","Gold","occasional",10325,"Food",0,6
35297,27,"Female",5464,"HighSchool","West","Silver","rare",1577,"Electronics",0,4
61360,32,"Male",45341,"College","East","Regular","rare",14971,"Electronics",1,6
12606,33,"Female",47198,"Bachelor","East","Regular","rare",15256,"Health",0,5
83285,31,"Female",24689,"Masters","North","Regular","frequent",8582,"Food",0,4
40086,35,"Male",5907,"College","East","Silver","occasional",1949,"Health",0,7
52476,29,"Male",27320,"HighSchool","West","Gold","occasional",7773,"Clothing",0,6
75026,28,"Male",40602,"College","East","Regular","rare",11416,"Beauty",0,6
11206,35,"Female",8597,"College","South","Silver","frequent",2138,"Food",1,3
45738,34,"Male",8693,"College","South","Silver","rare",2417,"Food",0,5
87778,24,"Male",22516,"Masters","East","Regular","frequent",6365,"Electronics",0,6
52854,21,"Female",7038,"College","West","Regular","rare",2371,"Clothing",1,6
79334,33,"Female",19767,"College","South","Regular","rare",4466,"Electronics",0,5
99796,27,"Male",24899,"College","East","Silver","frequent",9841,"Beauty",0,4
32805,34,"Female",29933,"Bachelor","South","Regular","occasional",13975,"Books",0,2
85585,21,"Female",20323,"Masters","East","Regular","occasional",6076,"Electronics",0,6
90758,30,"Female",43634,"Masters","East","Gold","rare",14976,"Clothing",1,5
23591,29,"Female",31995,"Bachelor","East","Regular","rare",9475,"Electronics",0,5
68661,47,"Female",18909,"Bachelor","West","Regular","occasional",5880,"Electronics",1,3
69076,23,"Female",32985,"Bachelor","West","Regular","occasional",15154,"Health",0,7
3158,30,"Male",9548,"Masters","South","Regular","occasional",3529,"Clothing",0,5
58764,31,"Female",27640,"Bachelor","West","Regular","occasional",11049,"Clothing",0,5
61530,33,"Male",37392,"College","North","Regular","rare",14222,"Health",0,4
85087,27,"Male",18061,"Masters","East","Regular","frequent",4912,"Food",0,5
28637,32,"Male",39471,"College","East","Regular","rare",10024,"Electronics",0,4
96486,31,"Female",5477,"College","North","Silver","occasional",1685,"Beauty",0,4
28472,35,"Male",29627,"Bachelor","East","Silver","rare",11410,"Clothing",1,6
53946,34,"Male",19293,"Bachelor","East","Regular","rare",8190,"Electronics",0,4
11088,26,"Female",38284,"Bachelor","South","Silver","frequent",11287,"Electronics",0,3
72024,35,"Male",35144,"College","East","Regular","frequent",13717,"Food",1,6
99635,31,"Female",18331,"College","North","Regular","rare",6097,"Food",0,5
97828,32,"Female",20682,"Masters","North","Silver","occasional",6201,"Home",0,5
2931,33,"Female",49140,"Bachelor","South","Regular","frequent",14599,"Food",0,4
42306,33,"Female",47710,"HighSchool","East","Silver","occasional",14785,"Clothing",1,6
92189,32,"Female",19296,"HighSchool","East","Silver","rare",8982,"Health",0,3
50376,25,"Male",39396,"Masters","West","Regular","frequent",13427,"Health",1,5
36414,31,"Female",6162,"College","East","Silver","rare",2155,"Electronics",1,5
17865,32,"Male",38399,"Bachelor","West","Regular","rare",15385,"Books",0,6
85053,30,"Male",17200,"Bachelor","East","Silver","rare",4656,"Clothing",0,4
25962,30,"Male",10760,"Masters","East","Regular","occasional",3521,"Books",1,5
22408,29,"Female",24177,"HighSchool","West","Regular","frequent",9779,"Books",0,2
43450,28,"Male",32129,"College","South","Silver","rare",9355,"Beauty",0,6
2234,34,"Male",49504,"Bachelor","West","Regular","rare",13185,"Clothing",0,5
36460,30,"Male",30916,"Bachelor","North","Regular","frequent",9146,"Books",0,5
25177,26,"Male",11706,"Bachelor","East","Regular","frequent",4409,"Clothing",0,7
55328,24,"Female",30635,"Bachelor","North","Silver","frequent",9527,"Clothing",0,7
65194,36,"Male",10536,"College","North","Regular","rare",3079,"Beauty",0,5
69528,22,"Male",9985,"HighSchool","South","Silver","frequent",3066,"Books",1,7
69698,28,"Female",48911,"Bachelor","West","Gold","frequent",14677,"Clothing",0,6
97990,25,"Female",24984,"College","South","Regular","occasional",10493,"Home",0,5
53195,38,"Female",23480,"Bachelor","South","Regular","rare",9010,"Food",0,5
50555,33,"Female",19479,"HighSchool","North","Silver","occasional",6513,"Food",0,7
51935,38,"Male",48447,"College","East","Regular","rare",18522,"Clothing",0,4
68315,35,"Female",29574,"College","South","Silver","occasional",10441,"Electronics",0,5
65708,28,"Female",49436,"College","North","Regular","frequent",15786,"Food",0,6
79212,35,"Male",14615,"HighSchool","West","Regular","rare",4604,"Health",1,5
13058,34,"Female",5283,"HighSchool","East","Regular","rare",2138,"Electronics",0,4
29180,31,"Female",47346,"College","West","Regular","frequent",20060,"Books",0,6
66944,32,"Female",28030,"Bachelor","South","Regular","occasional",9112,"Beauty",0,6
81130,32,"Female",30593,"Bachelor","South","Regular","rare",12287,"Home",0,4
69358,28,"Female",47882,"HighSchool","South","Silver","occasional",14743,"Clothing",1,4
26059,36,"Female",20107,"HighSchool","South","Gold","occasional",7731,"Electronics",0,5
396,37,"Male",6122,"College","North","Regular","rare",1729,"Electronics",0,5
60134,31,"Female",34287,"HighSchool","West","Silver","occasional",11535,"Books",0,6
23376,30,"Male",7047,"Bachelor","South","Silver","rare",2556,"Health",1,4
22871,29,"Male",46163,"Bachelor","North","Regular","rare",16467,"Electronics",0,6
3918,22,"Female",18261,"College","North","Silver","frequent",6679,"Electronics",0,5
69676,32,"Male",12597,"College","North","Silver","rare",3373,"Clothing",0,6
21591,32,"Male",12480,"Bachelor","South","Silver","rare",4111,"Books",0,6
41517,33,"Male",35199,"Bachelor","West","Regular","occasional",9344,"Home",1,3
15663,28,"Female",20169,"Bachelor","South","Gold","rare",5633,"Electronics",0,5
2296,31,"Male",45808,"College","East","Regular","rare",19233,"Books",0,5
1928,30,"Male",28400,"College","East","Gold","occasional",11260,"Health",0,5
18211,32,"Female",23763,"College","West","Regular","frequent",9812,"Books",0,6
88553,24,"Male",10663,"HighSchool","East","Regular","rare",4561,"Books",0,5
83187,29,"Female",25980,"HighSchool","East","Silver","occasional",10978,"Electronics",0,5
70242,26,"Male",37082,"College","West","Silver","occasional",14453,"Electronics",0,6
65548,21,"Female",16773,"Bachelor","West","Regular","frequent",5261,"Food",0,7
52179,32,"Male",10639,"College","West","Regular","rare",3457,"Food",0,7
65050,35,"Female",33713,"College","West","Regular","occasional",12385,"Electronics",0,6
91256,33,"Female",30123,"HighSchool","North","Regular","occasional",11846,"Electronics",0,6
50521,32,"Female",18356,"College","North","Silver","occasional",5761,"Food",0,5
11793,35,"Male",25844,"Bachelor","West","Silver","occasional",10340,"Health",0,5
58628,33,"Male",40841,"Bachelor","East","Gold","frequent",15126,"Food",0,5
82326,28,"Male",25870,"Bachelor","East","Regular","occasional",8189,"Home",0,6
95543,31,"Female",22839,"College","East","Regular","rare",7385,"Books",0,6
52164,39,"Male",31241,"HighSchool","East","Regular","rare",11185,"Food",0,4
12949,32,"Female",31201,"College","East","Regular","rare",13300,"Books",1,7
43143,34,"Female",10038,"Masters","South","Regular","occasional",4161,"Clothing",0,6
67202,25,"Female",36072,"College","East","Regular","occasional",11984,"Books",0,3
32144,31,"Female",12176,"Bachelor","East","Regular","occasional",4209,"Home",0,5
38651,25,"Female",37632,"College","North","Silver","rare",15164,"Food",0,4
46085,27,"Male",23119,"Masters","West","Regular","occasional",9281,"Home",0,4
96843,33,"Female",31642,"Masters","South","Regular","occasional",12750,"Food",0,5
67024,29,"Female",40440,"College","North","Silver","rare",13994,"Books",0,7
91,34,"Female",19281,"College","North","Regular","rare",6960,"Food",0,7
86183,37,"Female",15073,"HighSchool","South","Regular","frequent",4258,"Electronics",0,5
33157,21,"Female",45738,"Bachelor","North","Silver","occasional",15961,"Health",0,5
30965,22,"Male",42386,"Bachelor","East","Regular","rare",12597,"Electronics",0,4
41611,39,"Male",24980,"College","North","Regular","rare",8990,"Books",1,4
21077,33,"Male",39008,"Bachelor","East","Silver","rare",12999,"Health",0,5
17098,28,"Female",37692,"College","East","Regular","rare",14861,"Electronics",0,3
49851,26,"Male",10652,"College","South","Regular","rare",3120,"Beauty",0,6
413,33,"Female",16469,"HighSchool","East","Silver","rare",6304,"Clothing",1,6
63156,29,"Female",15167,"College","East","Regular","rare",4261,"Clothing",1,5
41607,27,"Male",30771,"College","South","Regular","frequent",10923,"Food",1,5
15538,29,"Female",41355,"Bachelor","West","Regular","rare",17471,"Clothing",0,5
73381,30,"Male",28163,"HighSchool","West","Silver","rare",11724,"Books",1,3
5290,33,"Female",48410,"Bachelor","East","Regular","rare",19617,"Electronics",1,5
30422,29,"Female",10374,"College","North","Gold","occasional",3662,"Clothing",0,5
19135,30,"Male",7988,"College","South","Regular","occasional",3336,"Clothing",0,6
55827,30,"Female",48698,"Bachelor","West","Regular","rare",18546,"Books",1,6
77739,31,"Male",24174,"Bachelor","West","Regular","occasional",9681,"Health",1,5
94491,33,"Male",23803,"College","North","Regular","rare",8538,"Electronics",0,5
37123,32,"Male",8252,"Bachelor","East","Regular","rare",2464,"Health",0,4
68379,37,"Male",27901,"College","East","Regular","rare",7959,"Clothing",1,6
67950,22,"Male",46741,"College","East","Regular","rare",15057,"Clothing",0,6
93651,22,"Male",6705,"College","South","Silver","rare",2259,"Home",0,6
68881,27,"Female",49296,"Bachelor","East","Regular","rare",16503,"Books",1,3
93342,29,"Male",20413,"HighSchool","East","Silver","frequent",5650,"Clothing",0,3
12471,32,"Male",33292,"College","East","Gold","occasional",10232,"Food",0,4
15978,31,"Female",32267,"Masters","West","Regular","occasional",17556,"Clothing",0,5
64648,17,"Male",8997,"Masters","South","Regular","frequent",2629,"Books",1,4
69478,35,"Female",30877,"HighSchool","East","Silver","occasional",13296,"Clothing",0,6
39654,32,"Female",43294,"College","East","Gold","rare",14996,"Clothing",0,6
98418,26,"Male",14493,"Masters","South","Silver","occasional",5923,"Books",1,5
5774,27,"Male",32454,"Bachelor","South","Regular","occasional",13540,"Electronics",0,7
89776,29,"Female",19722,"Bachelor","North","Regular","occasional",6891,"Food",1,5
71741,30,"Female",38056,"Bachelor","East","Regular","occasional",16721,"Electronics",0,5
38636,27,"Female",49001,"Masters","East","Regular","rare",18822,"Food",1,4
55111,28,"Male",24893,"HighSchool","South","Regular","rare",10533,"Food",0,5
95172,33,"Male",12749,"College","West","Gold","rare",4424,"Electronics",1,4
59583,32,"Male",5436,"Bachelor","East","Silver","rare",2130,"Home",1,5
67154,36,"Female",14836,"Bachelor","East","Regular","rare",6135,"Books",0,5
18377,25,"Male",43060,"College","East","Regular","rare",15667,"Health",0,4
67850,29,"Female",43464,"Bachelor","North","Regular","occasional",13172,"Electronics",0,5
32584,31,"Male",20184,"Bachelor","West","Silver","rare",5799,"Food",0,5
18716,25,"Male",35421,"College","North","Regular","rare",11076,"Electronics",1,5
30014,31,"Male",12224,"College","West","Silver","occasional",3903,"Electronics",1,5
3399,32,"Female",5296,"Masters","East","Regular","rare",1650,"Books",0,5
71187,32,"Female",5610,"College","North","Regular","occasional",1940,"Electronics",0,6
77582,26,"Female",39756,"Bachelor","South","Regular","frequent",15150,"Home",0,5
45282,30,"Male",31791,"HighSchool","East","Regular","rare",10285,"Electronics",0,5
78685,30,"Male",30222,"Bachelor","West","Regular","rare",13644,"Books",0,7
51658,35,"Male",25690,"Bachelor","North","Regular","rare",8987,"Books",1,4
54864,26,"Male",41085,"Bachelor","West","Regular","occasional",11673,"Food",0,6
77780,28,"Male",6996,"Masters","East","Silver","occasional",2145,"Books",0,5
31627,23,"Male",29933,"College","North","Regular","occasional",9529,"Books",0,6
56994,27,"Female",14308,"Bachelor","West","Regular","occasional",4313,"Food",0,6
82342,41,"Male",17147,"College","South","Regular","rare",4368,"Health",1,5
25814,24,"Female",40207,"College","West","Regular","frequent",11315,"Electronics",0,5
58913,41,"Male",41075,"College","West","Regular","rare",15134,"Clothing",1,6
27109,32,"Male",19307,"Masters","North","Silver","occasional",6151,"Clothing",1,5
71814,26,"Female",40976,"College","West","Regular","occasional",14204,"Electronics",0,6
82012,29,"Female",26541,"Bachelor","East","Regular","rare",9654,"Food",0,5
23895,24,"Female",48272,"HighSchool","West","Regular","frequent",21502,"Books",0,5
16351,29,"Male",45420,"Bachelor","East","Regular","rare",14284,"Electronics",1,3
5525,30,"Female",26210,"Bachelor","East","Gold","occasional",9974,"Electronics",1,6
8692,28,"Female",31834,"Bachelor","West","Silver","rare",9983,"Books",0,5
50125,29,"Female",28824,"College","South","Silver","rare",8681,"Electronics",0,5
32115,27,"Male",42497,"HighSchool","West","Silver","rare",18969,"Health",1,4
25701,33,"Male",28674,"College","North","Regular","rare",12280,"Beauty",1,5
24127,30,"Male",35739,"College","East","Regular","frequent",12540,"Food",0,6
39354,33,"Male",23717,"Masters","West","Regular","occasional",8583,"Clothing",0,4
9047,26,"Female",47497,"Bachelor","East","Regular","rare",19038,"Electronics",0,4
26702,34,"Female",13955,"College","North","Regular","occasional",5409,"Electronics",0,5
2703,23,"Female",27858,"Bachelor","East","Silver","rare",9315,"Clothing",1,4
30434,30,"Female",27549,"Bachelor","South","Regular","rare",9581,"Books",0,7
94699,26,"Female",7576,"College","West","Regular","occasional",2543,"Clothing",1,6
28715,28,"Male",6343,"Masters","South","Silver","occasional",2768,"Books",0,4
62332,22,"Female",11853,"Bachelor","East","Regular","frequent",4191,"Electronics",0,5
81708,35,"Female",30613,"College","East","Gold","rare",9675,"Food",0,4
26168,28,"Male",21247,"College","East","Silver","occasional",8882,"Food",1,6
69049,32,"Female",12057,"Bachelor","East","Regular","frequent",2677,"Electronics",1,5
97968,30,"Male",34384,"HighSchool","South","Regular","rare",15099,"Electronics",0,6
24751,29,"Male",24056,"College","South","Regular","rare",9660,"Clothing",1,6
26670,27,"Male",28101,"Bachelor","North","Regular","occasional",7532,"Health",0,7
34944,32,"Male",30340,"Bachelor","West","Regular","occasional",11019,"Food",0,5
2406,31,"Male",38126,"HighSchool","North","Gold","rare",13904,"Books",1,5
23268,27,"Male",35681,"Masters","South","Silver","frequent",12726,"Electronics",1,5
69279,36,"Male",8051,"HighSchool","West","Silver","rare",3217,"Food",0,3
19124,21,"Male",22359,"College","North","Gold","rare",7247,"Clothing",0,5
59587,33,"Male",12016,"HighSchool","East","Regular","rare",3619,"Electronics",0,4
8951,33,"Female",14373,"Masters","West","Silver","occasional",4059,"Clothing",0,6
37367,21,"Female",7291,"College","North","Regular","occasional",1993,"Electronics",0,6
21094,33,"Female",40945,"HighSchool","East","Regular","rare",11982,"Electronics",1,5
94018,36,"Male",6956,"Masters","West","Regular","frequent",2276,"Electronics",0,5
96054,26,"Male",9702,"Bachelor","North","Regular","occasional",3013,"Electronics",0,4
92819,27,"Male",26785,"Bachelor","West","Regular","frequent",10702,"Electronics",1,8
24909,24,"Male",15040,"College","North","Regular","rare",5789,"Food",0,6
15033,32,"Male",40309,"College","East","Silver","rare",16043,"Food",1,5
31910,29,"Male",43106,"HighSchool","West","Gold","occasional",13177,"Electronics",0,6
57422,24,"Male",34529,"Bachelor","South","Silver","rare",12232,"Books",0,6
26779,26,"Female",7123,"Masters","South","Silver","frequent",2477,"Food",0,5
21010,30,"Female",47789,"HighSchool","West","Silver","occasional",17366,"Electronics",0,6
85483,36,"Male",16293,"Masters","East","Gold","occasional",5894,"Clothing",1,5
69843,33,"Male",11887,"HighSchool","East","Silver","rare",2920,"Books",0,5
27687,26,"Male",23129,"Bachelor","West","Silver","frequent",8456,"Home",0,4
11928,31,"Male",6538,"Bachelor","North","Silver","occasional",2397,"Health",0,4
4035,28,"Female",46303,"HighSchool","East","Regular","frequent",16145,"Clothing",0,5
33900,29,"Male",49881,"College","West","Regular","rare",17218,"Clothing",0,5
96530,28,"Female",8523,"Bachelor","East","Regular","rare",3287,"Food",0,4
32007,32,"Male",37768,"HighSchool","West","Regular","rare",11448,"Health",0,4
6454,32,"Female",30482,"HighSchool","West","Regular","occasional",11116,"Beauty",0,7
91315,24,"Female",27383,"College","East","Silver","rare",7669,"Clothing",0,4
35106,24,"Male",43590,"Bachelor","North","Regular","occasional",14029,"Food",0,5
20177,34,"Female",24179,"College","North","Regular","frequent",8599,"Electronics",0,7
44446,35,"Female",44798,"College","South","Gold","occasional",14275,"Clothing",0,4
20953,33,"Female",36038,"HighSchool","South","Silver","rare",12043,"Food",1,5
10385,27,"Female",47705,"College","West","Regular","rare",20081,"Beauty",0,5
49161,20,"Male",31929,"HighSchool","East","Regular","rare",8461,"Electronics",0,6
28056,30,"Female",48190,"College","East","Regular","occasional",17241,"Books",1,4
86675,30,"Female",10258,"Bachelor","East","Gold","rare",3886,"Beauty",0,5
86223,32,"Male",22027,"Bachelor","South","Regular","occasional",7891,"Books",1,6
31058,29,"Female",49559,"Bachelor","East","Regular","rare",15663,"Books",0,5
51306,30,"Male",49766,"College","West","Regular","occasional",14543,"Food",1,4
25000,30,"Male",10678,"HighSchool","South","Regular","occasional",3262,"Food",0,3
76528,30,"Male",6627,"HighSchool","North","Regular","frequent",2124,"Electronics",0,5
22579,30,"Male",18906,"College","West","Silver","frequent",5074,"Clothing",0,4
86145,33,"Female",24510,"HighSchool","West","Regular","rare",9150,"Food",1,4
42582,34,"Female",26905,"Bachelor","East","Gold","rare",7434,"Electronics",1,5
59807,37,"Female",48334,"Masters","North","Silver","rare",19696,"Electronics",0,6
57844,37,"Female",27222,"College","West","Silver","occasional",8220,"Books",0,6
4974,37,"Female",33980,"HighSchool","East","Regular","rare",12238,"Electronics",0,5
12214,30,"Female",44492,"College","West","Regular","occasional",16948,"Books",0,6
96449,27,"Female",14840,"Masters","North","Regular","rare",5587,"Clothing",1,6
37356,29,"Male",8429,"HighSchool","North","Silver","frequent",3259,"Home",1,7
51733,28,"Male",31280,"HighSchool","West","Regular","rare",6441,"Books",0,7
52921,30,"Male",33389,"College","East","Regular","occasional",11518,"Electronics",0,3
70767,35,"Male",37686,"College","North","Regular","rare",12479,"Electronics",0,4
85495,39,"Female",18212,"Masters","North","Gold","rare",5118,"Health",1,5
81453,35,"Male",15666,"College","South","Regular","occasional",6472,"Electronics",0,6
75628,35,"Female",39718,"HighSchool","North","Silver","occasional",13026,"Books",0,5
67588,28,"Female",5425,"Bachelor","East","Regular","rare",2013,"Food",0,5
57446,29,"Male",30060,"HighSchool","East","Gold","frequent",9002,"Electronics",1,4
86293,24,"Female",30514,"College","West","Silver","frequent",8893,"Home",0,4
50942,32,"Male",8968,"HighSchool","West","Silver","frequent",2960,"Beauty",0,4
64295,24,"Female",24115,"Bachelor","South","Gold","rare",8625,"Clothing",1,3
85277,27,"Female",24263,"Bachelor","North","Regular","rare",9129,"Clothing",0,4
25925,37,"Male",11699,"Bachelor","East","Regular","rare",3988,"Food",1,4
12085,29,"Female",39447,"Bachelor","West","Silver","rare",13226,"Electronics",1,5
27199,31,"Female",6303,"College","West","Silver","rare",1924,"Books",0,5
68935,31,"Male",29933,"College","East","Regular","occasional",11329,"Health",0,4
4356,35,"Male",38572,"Bachelor","East","Regular","occasional",10119,"Clothing",1,4
85663,28,"Female",32469,"Bachelor","South","Regular","rare",13448,"Beauty",0,6
50092,27,"Male",49653,"College","East","Silver","occasional",15023,"Books",0,6
59997,35,"Male",46757,"HighSchool","East","Regular","frequent",14565,"Electronics",0,7
22959,26,"Female",33705,"Masters","South","Regular","rare",12025,"Books",0,6
15528,25,"Male",29648,"Bachelor","North","Regular","rare",8135,"Beauty",0,6
14138,32,"Female",7122,"College","East","Silver","occasional",2945,"Clothing",0,5
2898,28,"Male",18659,"College","East","Regular","frequent",7182,"Electronics",0,5
31568,27,"Male",39159,"Bachelor","North","Gold","rare",13288,"Books",1,6
36100,24,"Male",5876,"HighSchool","South","Silver","occasional",2061,"Beauty",0,4
64207,24,"Male",34393,"HighSchool","South","Regular","frequent",11594,"Clothing",0,5
23730,33,"Male",25384,"HighSchool","North","Silver","frequent",8368,"Food",0,4
12268,16,"Female",20327,"College","West","Silver","rare",7805,"Clothing",0,4
54647,32,"Male",35686,"Masters","East","Regular","frequent",7384,"Food",0,5
57242,30,"Female",7798,"Masters","South","Regular","rare",2613,"Beauty",0,4
91873,38,"Male",43512,"College","West","Silver","rare",15869,"Books",0,4
92644,33,"Male",11970,"College","West","Regular","frequent",4602,"Books",0,4
46504,33,"Male",21576,"College","East","Regular","frequent",6176,"Food",1,6
59753,28,"Male",32845,"HighSchool","North","Silver","rare",11224,"Beauty",1,4
64358,30,"Female",46572,"Bachelor","East","Regular","occasional",17722,"Electronics",0,4
55493,31,"Male",38186,"HighSchool","North","Regular","frequent",9207,"Health",0,6
46359,30,"Female",43867,"College","East","Regular","occasional",14438,"Beauty",0,5
10167,32,"Male",11273,"HighSchool","East","Silver","rare",4031,"Books",1,7
57677,34,"Male",21795,"College","East","Silver","occasional",6666,"Clothing",1,4
94442,41,"Male",15921,"HighSchool","East","Regular","rare",6682,"Clothing",0,5
55030,30,"Male",19453,"HighSchool","West","Regular","frequent",6867,"Clothing",1,6
88739,31,"Female",23586,"HighSchool","East","Regular","rare",8906,"Food",0,3
70905,29,"Female",34155,"Bachelor","East","Silver","occasional",11585,"Electronics",0,4
37475,28,"Male",42145,"Bachelor","East","Regular","rare",17131,"Books",1,7
52550,31,"Male",33015,"Bachelor","South","Silver","rare",7816,"Food",0,6
17423,28,"Female",48296,"College","North","Regular","occasional",19057,"Clothing",0,7
84266,29,"Female",42560,"HighSchool","West","Regular","occasional",16692,"Books",0,5
95109,23,"Female",8962,"College","South","Silver","rare",2988,"Food",0,4
86152,31,"Female",16602,"College","North","Regular","occasional",4799,"Clothing",0,4
28697,29,"Female",46104,"Masters","North","Silver","rare",15346,"Electronics",0,5
5909,30,"Female",40793,"Masters","West","Regular","frequent",13431,"Electronics",1,5
52900,23,"Male",16853,"College","South","Regular","rare",6126,"Clothing",0,7
79455,41,"Male",31640,"HighSchool","North","Silver","frequent",10027,"Food",0,4
40210,14,"Male",14510,"College","West","Silver","rare",5446,"Electronics",0,6
43032,25,"Male",36111,"College","East","Silver","rare",7758,"Electronics",1,5
69558,34,"Male",10651,"College","East","Silver","occasional",4194,"Beauty",0,5
7812,28,"Female",45494,"HighSchool","East","Regular","rare",16552,"Clothing",0,7
71923,20,"Male",19462,"HighSchool","West","Silver","rare",7596,"Clothing",0,5
81992,30,"Female",30816,"Bachelor","South","Regular","rare",10444,"Beauty",0,5
47837,30,"Female",18326,"HighSchool","South","Silver","frequent",7114,"Health",1,4
96759,23,"Female",27685,"HighSchool","West","Silver","occasional",9120,"Health",1,5
39355,26,"Male",13864,"HighSchool","North","Regular","rare",4140,"Books",1,6
99004,29,"Female",25937,"College","West","Silver","frequent",10041,"Clothing",0,6
61225,32,"Male",42563,"College","South","Regular","rare",15391,"Beauty",0,3
61844,31,"Male",22236,"College","North","Silver","occasional",6692,"Books",0,7
78244,23,"Female",29639,"College","West","Gold","frequent",11423,"Electronics",0,7
12457,28,"Male",41848,"HighSchool","North","Gold","rare",14761,"Electronics",1,5
40479,27,"Male",42699,"Bachelor","South","Regular","frequent",13729,"Electronics",1,5
88506,33,"Male",46171,"Bachelor","East","Regular","rare",19609,"Books",0,3
36204,27,"Male",44901,"HighSchool","East","Silver","rare",16441,"Electronics",0,5
96861,29,"Male",11609,"College","East","Regular","occasional",4816,"Health",0,5
96231,40,"Male",12855,"College","East","Silver","frequent",4464,"Electronics",0,5
31356,30,"Female",46568,"College","East","Regular","rare",16509,"Food",0,6
45133,32,"Female",49159,"Bachelor","South","Silver","occasional",18679,"Clothing",0,6
42610,34,"Male",44762,"Bachelor","East","Regular","rare",16032,"Health",1,6
5092,30,"Male",8814,"Bachelor","South","Regular","occasional",2974,"Electronics",1,5
1958,32,"Male",13419,"College","South","Regular","occasional",4911,"Electronics",1,5
27038,31,"Male",23406,"Bachelor","West","Regular","occasional",9355,"Electronics",0,3
47671,29,"Male",41821,"Masters","West","Regular","rare",11836,"Books",1,5
28617,35,"Male",13198,"College","East","Regular","rare",5015,"Clothing",0,4
62483,32,"Female",7488,"College","East","Gold","frequent",2672,"Health",0,4
79612,37,"Female",45622,"Masters","East","Regular","frequent",14830,"Electronics",0,4
93335,28,"Female",9146,"Masters","South","Regular","occasional",3350,"Books",1,6
58478,35,"Male",5014,"College","North","Silver","rare",1572,"Electronics",0,5
90277,35,"Female",13653,"Bachelor","East","Regular","frequent",4809,"Electronics",0,3
69033,31,"Female",49697,"HighSchool","East","Regular","frequent",17141,"Clothing",0,6
56261,37,"Female",42530,"HighSchool","West","Regular","rare",15014,"Books",1,6
52094,28,"Male",5652,"College","West","Regular","rare",1529,"Clothing",1,5
63882,34,"Female",27466,"College","West","Silver","rare",9124,"Beauty",0,4
84890,22,"Female",9288,"HighSchool","West","Regular","rare",3916,"Health",0,5
77392,28,"Male",9235,"HighSchool","North","Regular","frequent",2539,"Books",0,4
7270,32,"Female",9593,"College","West","Regular","occasional",2812,"Books",0,6
57156,32,"Female",17791,"College","East","Regular","occasional",8503,"Home",0,6
16663,29,"Female",25468,"College","West","Regular","frequent",8820,"Home",1,5
79140,28,"Female",19824,"College","East","Regular","rare",5489,"Electronics",0,2
61301,21,"Female",22186,"Masters","South","Silver","rare",7010,"Electronics",0,7
43261,34,"Male",36677,"College","West","Gold","rare",9421,"Books",0,6
56490,30,"Female",48979,"College","North","Regular","rare",19412,"Clothing",0,4
74686,36,"Female",44022,"Bachelor","West","Silver","rare",17271,"Food",1,3
83406,30,"Male",8126,"College","South","Regular","rare",2443,"Electronics",0,4
17095,23,"Male",43281,"College","South","Regular","rare",16679,"Electronics",0,5
43565,31,"Female",24778,"Masters","North","Gold","rare",8435,"Electronics",0,7
50578,40,"Male",33791,"College","North","Regular","rare",13670,"Electronics",0,4
64607,39,"Female",33040,"Bachelor","North","Regular","rare",10406,"Beauty",0,5
75666,23,"Female",35269,"HighSchool","West","Silver","occasional",14870,"Books",0,5
49693,28,"Female",16924,"Bachelor","South","Gold","rare",5380,"Electronics",0,7
23682,38,"Female",41084,"College","East","Silver","rare",16342,"Food",0,6
94221,35,"Male",33700,"College","East","Regular","rare",12242,"Books",1,5
43153,27,"Male",6514,"Bachelor","East","Regular","rare",1945,"Books",0,5
43052,26,"Female",12622,"Bachelor","North","Silver","rare",5273,"Food",1,7
22664,28,"Female",40839,"College","North","Regular","rare",12574,"Food",0,5
81438,22,"Male",9471,"Masters","South","Regular","rare",2438,"Books",0,3
79214,33,"Male",30621,"HighSchool","South","Silver","rare",11980,"Clothing",0,4
22710,39,"Male",42213,"Bachelor","East","Regular","frequent",13329,"Electronics",0,4
97517,29,"Male",33583,"HighSchool","West","Regular","rare",11824,"Electronics",1,5
83578,25,"Female",31646,"Bachelor","East","Silver","rare",12938,"Health",0,4
76250,27,"Female",6232,"College","South","Regular","rare",3097,"Food",0,4
90750,26,"Female",12703,"Bachelor","South","Regular","occasional",4964,"Food",1,5
27266,33,"Female",25532,"Bachelor","West","Silver","rare",8348,"Food",0,5
22232,19,"Female",29556,"HighSchool","North","Regular","rare",10417,"Electronics",1,3
17261,29,"Female",30294,"Bachelor","East","Silver","rare",10706,"Electronics",0,6
56471,41,"Male",21623,"College","North","Silver","occasional",9682,"Electronics",0,5
24887,34,"Female",31291,"Bachelor","East","Regular","occasional",9725,"Books",0,6
8457,38,"Female",49273,"College","South","Gold","rare",17429,"Clothing",1,5
89822,31,"Male",11131,"College","North","Regular","frequent",3641,"Clothing",0,5
49088,23,"Male",16009,"College","West","Silver","rare",5820,"Books",1,5
66415,34,"Male",45539,"College","South","Regular","rare",11974,"Electronics",0,4
32742,30,"Female",35239,"HighSchool","East","Silver","rare",12804,"Food",0,4
39361,32,"Male",23810,"HighSchool","North","Regular","frequent",7753,"Books",1,4
22123,29,"Male",11598,"Masters","South","Silver","occasional",4431,"Electronics",0,5
96816,26,"Male",25274,"College","North","Regular","occasional",8358,"Food",0,7
22102,23,"Female",41488,"Masters","East","Silver","occasional",11457,"Electronics",0,7
43134,30,"Female",5195,"College","West","Regular","occasional",2450,"Clothing",0,4
14580,39,"Female",9947,"College","East","Silver","frequent",3758,"Electronics",0,6
17529,34,"Female",43769,"College","West","Regular","rare",12286,"Electronics",0,6
56328,29,"Female",22101,"College","East","Regular","frequent",9206,"Electronics",0,5
53989,27,"Male",37353,"Bachelor","East","Regular","occasional",14460,"Food",0,5
2825,35,"Female",37927,"HighSchool","South","Regular","rare",15092,"Clothing",0,6
21154,21,"Female",30309,"College","East","Gold","occasional",10714,"Electronics",0,7
2628,29,"Female",41070,"College","East","Silver","frequent",12509,"Health",0,4
74268,29,"Male",33194,"College","West","Gold","occasional",14090,"Clothing",0,4
95083,31,"Female",47973,"College","West","Silver","rare",20407,"Clothing",1,6
30155,30,"Male",49010,"HighSchool","West","Regular","rare",14496,"Electronics",0,8
35125,24,"Male",32982,"Bachelor","East","Silver","rare",10739,"Electronics",1,5
10866,29,"Male",21201,"Bachelor","West","Regular","occasional",7514,"Electronics",1,5
85383,31,"Male",40448,"College","West","Silver","rare",12258,"Clothing",0,8
12208,30,"Male",26576,"HighSchool","East","Gold","rare",7229,"Clothing",1,6
2597,27,"Male",10275,"HighSchool","East","Regular","rare",4500,"Beauty",1,4
23555,25,"Male",6444,"College","East","Regular","rare",2746,"Clothing",0,5
93098,40,"Male",37067,"College","West","Silver","rare",13265,"Clothing",0,4
36528,19,"Female",46733,"Bachelor","South","Regular","occasional",21915,"Clothing",0,5
67313,30,"Female",34048,"Bachelor","South","Regular","rare",11332,"Electronics",1,5
23901,34,"Female",13579,"College","South","Regular","rare",3145,"Health",1,6
21381,23,"Female",29415,"Bachelor","East","Regular","occasional",12210,"Books",0,6
40150,31,"Female",41511,"College","South","Regular","occasional",12964,"Food",1,4
75191,30,"Female",41988,"Masters","East","Gold","occasional",14371,"Health",0,4
91230,29,"Male",13471,"College","East","Gold","rare",4680,"Home",0,5
60836,28,"Female",6391,"Masters","East","Gold","rare",2270,"Beauty",0,5
22536,37,"Female",6552,"College","West","Regular","rare",2307,"Health",0,4
58328,29,"Female",30857,"Bachelor","West","Silver","occasional",9807,"Food",1,4
89034,26,"Male",15734,"College","West","Regular","rare",5000,"Food",0,7
68202,29,"Female",21864,"Bachelor","North","Regular","rare",7073,"Books",0,5
30799,34,"Female",13747,"Bachelor","North","Gold","occasional",4838,"Food",1,4
94798,29,"Female",7089,"College","North","Regular","occasional",2623,"Beauty",0,7
30868,31,"Male",29595,"Bachelor","North","Silver","occasional",8580,"Home",1,6
79029,22,"Female",5233,"College","West","Gold","rare",1204,"Books",0,5
40350,32,"Male",17458,"HighSchool","North","Regular","occasional",6212,"Clothing",0,6
38840,25,"Male",25534,"Bachelor","South","Regular","rare",12491,"Clothing",0,5
89523,31,"Male",30749,"HighSchool","East","Regular","occasional",11011,"Food",0,5
19268,34,"Male",36498,"College","West","Silver","rare",12320,"Food",0,6
51277,35,"Female",22817,"Bachelor","East","Silver","frequent",7716,"Electronics",1,5
41503,29,"Male",48960,"Bachelor","North","Regular","rare",14205,"Food",0,5
2838,31,"Female",41364,"College","South","Regular","rare",11051,"Electronics",0,4
71515,24,"Female",36688,"Masters","East","Regular","rare",13387,"Beauty",0,6
70559,33,"Female",16623,"HighSchool","West","Silver","occasional",6396,"Electronics",0,5
97779,26,"Female",10756,"HighSchool","West","Regular","occasional",3431,"Home",0,4
29952,38,"Female",31095,"College","North","Silver","occasional",10214,"Health",1,6
99842,34,"Female",22188,"Masters","South","Silver","rare",7828,"Electronics",0,6
75974,31,"Male",10573,"College","South","Silver","rare",3914,"Food",0,4
84062,32,"Female",39377,"Bachelor","North","Regular","frequent",16956,"Clothing",0,6
60244,27,"Female",13413,"HighSchool","West","Regular","rare",4651,"Books",0,5
15990,36,"Male",16091,"College","East","Silver","frequent",5500,"Health",0,5
782,34,"Male",35758,"Bachelor","East","Gold","occasional",14676,"Electronics",0,4
81047,29,"Female",37541,"College","East","Regular","rare",18324,"Books",0,6
42093,30,"Female",35999,"College","West","Regular","rare",13068,"Clothing",1,6
36677,25,"Female",40829,"Bachelor","South","Regular","rare",14354,"Food",0,5
65165,31,"Male",41350,"HighSchool","East","Regular","frequent",12331,"Food",0,4
161,35,"Female",42574,"College","East","Regular","frequent",11767,"Health",0,3
279,32,"Female",15613,"College","North","Silver","rare",6081,"Food",0,5
6489,34,"Male",45022,"College","North","Silver","occasional",17858,"Books",1,6
84187,29,"Female",5832,"College","East","Silver","rare",1933,"Electronics",1,5
71439,33,"Female",49055,"Bachelor","North","Gold","rare",15531,"Books",0,3
31710,33,"Male",47224,"Bachelor","North","Regular","rare",17515,"Food",1,7
25420,25,"Female",5647,"College","East","Silver","occasional",2227,"Beauty",0,5
43902,24,"Male",15614,"College","East","Regular","rare",5502,"Health",0,4
23914,27,"Female",23610,"Bachelor","East","Regular","occasional",7081,"Books",0,4
68876,31,"Male",19857,"College","West","Silver","rare",7255,"Books",0,4
32946,26,"Female",29824,"College","West","Regular","rare",8999,"Electronics",1,4
34250,26,"Female",9808,"College","West","Gold","occasional",4301,"Clothing",0,5
31129,30,"Male",29379,"Masters","North","Regular","frequent",11301,"Clothing",0,6
74248,35,"Female",45337,"College","West","Regular","rare",15424,"Food",0,5
60063,27,"Female",38594,"HighSchool","East","Silver","occasional",11728,"Electronics",0,4
59238,30,"Male",14897,"College","West","Silver","rare",6362,"Home",0,3
78325,28,"Female",24587,"Bachelor","North","Silver","rare",10666,"Clothing",0,4
12387,33,"Male",20627,"College","North","Regular","rare",8499,"Food",0,5
17888,32,"Female",19695,"College","West","Regular","occasional",6009,"Books",0,5
86686,28,"Female",25196,"College","North","Regular","rare",8324,"Food",0,6
98111,39,"Female",17156,"Masters","North","Regular","rare",6843,"Food",0,5
87782,29,"Male",9980,"College","South","Regular","occasional",4300,"Clothing",1,5
46394,32,"Female",17592,"College","East","Regular","rare",7075,"Electronics",1,6
93913,34,"Male",22924,"College","East","Regular","rare",7785,"Health",0,7
13018,32,"Male",9994,"HighSchool","West","Regular","rare",2974,"Food",1,7
92331,32,"Female",35532,"Bachelor","West","Regular","rare",13483,"Beauty",0,5
40354,30,"Female",47945,"Bachelor","East","Silver","rare",17791,"Electronics",0,5
49159,30,"Male",26738,"College","East","Regular","frequent",10073,"Electronics",1,7
76726,38,"Male",14453,"College","South","Gold","rare",5604,"Electronics",1,5
25753,29,"Female",48246,"Bachelor","South","Silver","frequent",17869,"Clothing",1,5
94429,24,"Male",15338,"Bachelor","East","Regular","occasional",5162,"Clothing",1,4
72947,35,"Male",47370,"Bachelor","West","Regular","rare",15260,"Home",0,4
86069,29,"Male",18935,"College","North","Regular","frequent",5587,"Food",0,5
45278,30,"Male",40978,"Bachelor","South","Silver","rare",17300,"Clothing",0,5
34914,35,"Female",36837,"College","West","Silver","frequent",10836,"Electronics",0,5
34103,29,"Female",20059,"Bachelor","South","Silver","frequent",6731,"Books",0,5
95633,27,"Male",8328,"College","South","Silver","rare",2757,"Clothing",0,6
15969,29,"Male",35652,"College","East","Gold","rare",11985,"Food",1,3
14374,30,"Female",36852,"HighSchool","South","Regular","rare",13780,"Food",1,5
86534,32,"Male",44408,"College","East","Regular","rare",17269,"Electronics",0,5
76839,28,"Male",34700,"HighSchool","East","Regular","rare",13523,"Clothing",0,3
44414,39,"Male",12297,"Bachelor","West","Silver","rare",4565,"Beauty",0,6
95799,31,"Male",18216,"College","South","Regular","rare",5543,"Electronics",0,6
18710,29,"Female",18767,"College","West","Regular","occasional",8354,"Clothing",0,4
29829,35,"Female",33571,"College","North","Regular","rare",9954,"Health",0,5
67196,29,"Male",13988,"Bachelor","West","Silver","rare",4620,"Beauty",1,3
27737,31,"Female",40150,"Bachelor","North","Regular","rare",14830,"Books",0,3
9800,27,"Male",30719,"HighSchool","West","Silver","occasional",8502,"Electronics",0,5
92067,27,"Female",41197,"College","East","Silver","occasional",14904,"Beauty",0,7
92738,27,"Female",24205,"Masters","West","Regular","occasional",10115,"Electronics",0,5
57824,18,"Female",30825,"Masters","North","Silver","occasional",10994,"Clothing",0,5
95584,34,"Female",47433,"College","East","Regular","rare",14251,"Clothing",1,4
45658,29,"Female",28220,"Bachelor","West","Silver","occasional",9297,"Books",1,6
58352,31,"Male",32690,"College","South","Regular","rare",12144,"Food",1,5
74801,32,"Female",8437,"Masters","South","Gold","frequent",2717,"Clothing",0,6
49130,29,"Female",25236,"College","East","Regular","rare",8464,"Clothing",0,7
1755,32,"Female",29771,"College","South","Silver","rare",12867,"Home",0,5
34040,28,"Female",48454,"Bachelor","South","Silver","rare",20501,"Food",0,5
69175,29,"Male",10332,"Masters","South","Silver","frequent",3279,"Electronics",1,4
47676,30,"Female",32180,"HighSchool","North","Regular","rare",11236,"Electronics",0,5
46381,22,"Female",27726,"HighSchool","East","Regular","frequent",10764,"Electronics",0,5
20579,31,"Male",32528,"College","West","Regular","occasional",13349,"Food",0,4
64600,36,"Male",17082,"Bachelor","West","Regular","rare",6132,"Clothing",0,5
60293,34,"Male",8106,"Bachelor","East","Regular","rare",2782,"Clothing",0,5
34483,30,"Male",28270,"Bachelor","North","Regular","rare",9440,"Food",0,5
91453,31,"Male",35041,"College","North","Regular","rare",14209,"Electronics",1,6
50140,25,"Female",45419,"Bachelor","West","Regular","frequent",16532,"Electronics",0,4
7849,30,"Male",26966,"Bachelor","North","Regular","rare",7913,"Health",1,4
82705,30,"Female",48360,"Masters","North","Regular","frequent",20515,"Clothing",1,5
91681,32,"Male",17439,"College","West","Regular","rare",5219,"Electronics",0,6
3037,23,"Female",49641,"College","East","Regular","occasional",21725,"Clothing",0,5
43351,26,"Male",21892,"Masters","South","Regular","rare",9665,"Books",0,6
78658,26,"Male",24831,"HighSchool","North","Regular","rare",8668,"Electronics",0,6
23796,26,"Female",38585,"College","South","Gold","rare",13000,"Clothing",0,3
55034,28,"Female",31480,"Bachelor","West","Silver","frequent",10974,"Electronics",1,4
4141,30,"Male",32651,"Bachelor","East","Regular","rare",10164,"Clothing",1,4
72011,33,"Male",20413,"Bachelor","East","Regular","rare",8060,"Electronics",1,5
40273,37,"Female",30077,"College","East","Regular","rare",12600,"Food",0,4
15927,19,"Female",36869,"College","East","Regular","rare",17827,"Health",0,5
90749,32,"Male",5018,"Bachelor","North","Regular","rare",1831,"Books",0,6
59461,27,"Male",49498,"Bachelor","West","Silver","occasional",16582,"Clothing",0,5
50806,34,"Male",21864,"Bachelor","East","Regular","occasional",8134,"Clothing",0,6
91463,26,"Female",5121,"Masters","West","Silver","rare",1981,"Electronics",0,5
45544,31,"Male",47930,"HighSchool","West","Silver","occasional",14190,"Books",1,6
23056,31,"Female",48803,"College","East","Silver","occasional",13853,"Clothing",0,6
73619,29,"Male",32490,"Bachelor","West","Silver","frequent",10953,"Books",0,5
60453,26,"Female",9414,"HighSchool","West","Regular","rare",3120,"Clothing",1,5
48877,26,"Female",23593,"College","South","Regular","occasional",7209,"Food",1,6
23405,27,"Female",48293,"Masters","North","Regular","rare",16246,"Books",0,3
47388,26,"Male",35247,"Masters","East","Regular","frequent",10898,"Electronics",1,5
13402,33,"Male",16010,"Masters","West","Regular","occasional",5386,"Clothing",0,4
36556,31,"Male",45393,"HighSchool","West","Regular","occasional",12073,"Health",0,3
4077,24,"Female",49433,"Bachelor","North","Silver","occasional",10170,"Clothing",0,4
81790,23,"Male",33156,"College","North","Gold","rare",12334,"Clothing",0,5
12805,24,"Male",22016,"HighSchool","West","Gold","rare",7196,"Electronics",1,7
35976,27,"Male",30394,"College","North","Regular","occasional",9602,"Food",0,7
4286,37,"Female",40812,"College","West","Regular","rare",12024,"Health",1,6
9535,33,"Male",29740,"Bachelor","South","Silver","rare",10114,"Home",0,4
21396,32,"Female",38849,"College","North","Silver","occasional",11972,"Food",0,4
73048,38,"Female",24703,"Bachelor","North","Regular","rare",7229,"Books",0,4
25471,26,"Male",14844,"College","West","Regular","rare",4388,"Food",0,6
93622,41,"Female",15322,"HighSchool","East","Regular","occasional",5321,"Home",0,5
47981,36,"Female",12024,"College","South","Regular","frequent",3476,"Electronics",1,6
45356,27,"Female",29850,"Bachelor","South","Regular","occasional",10202,"Electronics",0,6
44370,22,"Male",41357,"HighSchool","South","Regular","rare",12794,"Health",0,5
82019,30,"Male",14632,"Bachelor","North","Gold","frequent",5234,"Health",0,6
98161,21,"Male",17063,"Bachelor","West","Regular","rare",6995,"Clothing",0,7
9883,33,"Male",21164,"College","South","Regular","frequent",5623,"Food",0,4
27386,33,"Female",33862,"College","East","Silver","frequent",12003,"Electronics",0,5
42903,34,"Male",38344,"College","North","Regular","occasional",8796,"Health",0,5
74641,35,"Female",33156,"Masters","North","Regular","rare",13906,"Electronics",1,6
76001,23,"Female",12306,"HighSchool","North","Regular","rare",4254,"Electronics",1,6
68899,39,"Female",16254,"College","East","Regular","frequent",6960,"Electronics",0,5
13385,39,"Male",47385,"Bachelor","North","Regular","rare",18625,"Books",0,5
84552,29,"Female",15685,"College","North","Silver","rare",5585,"Books",0,4
78812,22,"Male",44109,"HighSchool","West","Regular","rare",16142,"Health",0,5
12411,22,"Male",37913,"Masters","West","Gold","frequent",11343,"Food",0,4
89138,31,"Female",5696,"HighSchool","East","Silver","occasional",1811,"Electronics",0,5
94834,24,"Female",48433,"Bachelor","North","Regular","frequent",10216,"Food",0,4
21265,28,"Female",17591,"Bachelor","West","Silver","frequent",5376,"Home",1,5
59088,26,"Female",6847,"College","West","Silver","rare",2850,"Home",0,5
40953,30,"Female",34257,"HighSchool","North","Regular","occasional",12243,"Food",0,5
63900,29,"Male",41094,"Bachelor","North","Silver","rare",14252,"Electronics",0,5
342,34,"Female",30009,"HighSchool","West","Regular","rare",10114,"Electronics",0,4
80936,29,"Female",15448,"Masters","West","Silver","rare",6690,"Clothing",1,5
3572,23,"Female",15205,"Bachelor","West","Regular","frequent",5109,"Electronics",1,4
68556,32,"Female",15447,"HighSchool","East","Regular","rare",6016,"Electronics",0,5
66844,38,"Female",31998,"Bachelor","West","Silver","rare",11676,"Electronics",0,7
37065,36,"Female",24795,"HighSchool","South","Regular","rare",8963,"Home",1,6
52683,26,"Male",5415,"College","West","Gold","rare",1502,"Books",0,6
42892,25,"Female",22691,"College","South","Regular","rare",9958,"Electronics",0,6
76696,23,"Female",21513,"College","North","Gold","rare",7046,"Food",0,5
52157,33,"Male",47484,"HighSchool","West","Regular","frequent",16281,"Books",1,6
81897,31,"Female",39511,"Bachelor","West","Regular","occasional",15068,"Health",1,5
66094,29,"Male",9648,"College","West","Silver","occasional",3317,"Food",1,6
25681,31,"Female",44236,"HighSchool","West","Silver","occasional",16982,"Home",0,5
74106,34,"Female",8035,"HighSchool","East","Regular","frequent",3522,"Health",0,6
65144,30,"Female",46292,"HighSchool","West","Silver","occasional",20198,"Clothing",0,5
93611,31,"Male",48612,"Masters","West","Silver","rare",16410,"Electronics",1,5
73759,30,"Female",9915,"Bachelor","West","Silver","occasional",4050,"Health",0,4
16753,21,"Male",40551,"College","West","Regular","occasional",12555,"Books",0,5
99898,31,"Female",49337,"Masters","West","Regular","rare",16696,"Books",1,5
83739,31,"Male",10026,"Bachelor","West","Silver","frequent",3927,"Books",1,6
85869,26,"Male",32067,"Masters","South","Regular","occasional",12143,"Electronics",0,5
21267,33,"Male",8567,"College","North","Regular","occasional",2697,"Clothing",0,5
15471,33,"Female",44484,"Bachelor","South","Regular","occasional",17823,"Food",0,6
77793,29,"Male",37676,"HighSchool","South","Silver","rare",13393,"Food",1,7
96458,29,"Female",16310,"College","East","Regular","occasional",3995,"Electronics",1,7
87142,27,"Male",39007,"Bachelor","West","Regular","occasional",13032,"Food",0,6
22350,35,"Male",11447,"HighSchool","West","Regular","frequent",4391,"Books",1,6
97196,31,"Male",33874,"HighSchool","West","Silver","rare",12064,"Food",1,5
16745,32,"Female",27201,"College","South","Regular","rare",9460,"Books",0,7
42282,25,"Male",48428,"Masters","North","Silver","rare",17099,"Books",1,6
18142,30,"Male",44090,"Bachelor","North","Regular","rare",14455,"Health",1,5
62259,25,"Female",47731,"Bachelor","South","Regular","occasional",16473,"Health",0,4
30823,27,"Female",5638,"College","South","Silver","occasional",1648,"Electronics",0,5
43452,35,"Male",7602,"College","East","Silver","frequent",2606,"Electronics",0,5
34505,33,"Male",7048,"College","North","Regular","occasional",2198,"Home",1,6
74318,27,"Male",37935,"HighSchool","South","Silver","rare",13903,"Food",0,5
4701,38,"Female",5922,"Bachelor","North","Regular","rare",2255,"Food",1,3
53399,23,"Female",22467,"Bachelor","East","Regular","rare",6354,"Books",0,5
27001,27,"Male",32339,"Bachelor","East","Regular","rare",12464,"Electronics",0,6
48119,22,"Male",23798,"HighSchool","West","Regular","frequent",7497,"Food",0,5
23276,27,"Female",47459,"College","West","Silver","frequent",18367,"Clothing",1,6
97039,32,"Female",15398,"College","North","Regular","occasional",4541,"Food",1,6
38304,28,"Male",25115,"College","South","Silver","rare",7160,"Electronics",1,5
43686,30,"Male",34201,"HighSchool","West","Silver","occasional",13355,"Clothing",1,5
15365,30,"Male",20612,"Bachelor","South","Gold","rare",7599,"Food",0,5
52149,32,"Female",10384,"HighSchool","East","Regular","occasional",3899,"Electronics",1,5
776,38,"Female",23027,"Masters","East","Regular","rare",6460,"Electronics",1,5
54576,28,"Male",37198,"College","South","Regular","occasional",12107,"Food",0,6
25291,27,"Male",43213,"HighSchool","East","Regular","rare",16008,"Health",1,5
55647,32,"Male",40137,"College","East","Regular","rare",13899,"Food",0,6
7073,29,"Male",46037,"Bachelor","North","Regular","rare",20048,"Clothing",1,4
83444,23,"Male",38377,"Bachelor","West","Regular","rare",13048,"Books",0,5
53826,25,"Male",44321,"Bachelor","East","Regular","occasional",15238,"Electronics",0,5
78954,29,"Male",23079,"Bachelor","East","Regular","occasional",8430,"Clothing",0,5
10695,36,"Female",26030,"Bachelor","South","Regular","rare",8845,"Health",0,4
34167,30,"Male",24084,"Bachelor","South","Gold","rare",9613,"Health",0,6
51992,30,"Male",37902,"College","West","Silver","frequent",14666,"Books",1,4
54322,31,"Female",16927,"College","North","Silver","rare",6339,"Books",0,5
44,40,"Male",14522,"HighSchool","East","Regular","rare",5347,"Food",0,3
31559,29,"Male",12732,"Bachelor","East","Silver","occasional",4543,"Clothing",0,6
52653,28,"Male",43686,"Bachelor","South","Silver","rare",17070,"Electronics",0,5
14361,32,"Male",14140,"College","North","Regular","rare",4947,"Food",0,5
51882,31,"Female",17735,"HighSchool","South","Regular","occasional",4633,"Food",0,5
5884,27,"Male",10093,"Bachelor","West","Regular","occasional",3423,"Electronics",0,5
33335,33,"Male",28454,"Masters","East","Regular","occasional",9195,"Health",0,6
58569,32,"Female",20907,"College","East","Regular","occasional",6989,"Food",0,5
80999,32,"Male",20879,"College","North","Silver","occasional",7429,"Electronics",0,5
60995,29,"Male",24460,"Bachelor","North","Silver","rare",7429,"Electronics",0,6
9216,35,"Female",9110,"Bachelor","West","Regular","rare",1999,"Health",0,5
61485,27,"Male",36863,"HighSchool","West","Regular","rare",10985,"Books",1,5
58377,26,"Male",43561,"Bachelor","South","Regular","frequent",16632,"Health",0,5
4290,40,"Male",30747,"College","West","Regular","occasional",10823,"Books",0,5
69899,30,"Female",27164,"Bachelor","North","Regular","occasional",10474,"Books",0,6
92372,32,"Female",11422,"Bachelor","West","Regular","rare",3805,"Electronics",1,6
47273,27,"Male",25268,"Bachelor","West","Regular","frequent",8633,"Clothing",0,4
78165,28,"Male",39951,"College","North","Regular","occasional",13992,"Clothing",0,6
90420,34,"Female",43922,"HighSchool","South","Regular","occasional",14960,"Electronics",1,3
90869,30,"Female",42839,"Bachelor","North","Regular","occasional",14341,"Clothing",0,5
94907,26,"Female",37399,"College","East","Regular","occasional",15401,"Health",1,5
17720,29,"Female",38191,"Bachelor","East","Regular","frequent",15133,"Health",1,6
36165,34,"Female",33104,"Masters","North","Gold","frequent",12984,"Books",0,3
44032,27,"Male",12905,"College","West","Regular","rare",5365,"Clothing",0,5
92741,32,"Male",11421,"College","West","Regular","rare",4373,"Food",1,4
22499,30,"Male",27332,"Masters","East","Regular","rare",8996,"Clothing",0,5
69200,31,"Female",25587,"College","South","Regular","rare",8889,"Electronics",0,5
24695,24,"Male",37082,"Bachelor","North","Regular","rare",13048,"Electronics",1,4
4146,28,"Female",49962,"HighSchool","South","Silver","rare",18236,"Clothing",0,4
62577,39,"Female",44874,"College","West","Regular","rare",20209,"Home",0,5
97385,28,"Female",45977,"College","South","Regular","frequent",15504,"Clothing",0,5
40389,32,"Female",28046,"College","East","Gold","rare",12028,"Home",0,4
65216,33,"Female",35594,"College","East","Regular","occasional",11532,"Food",0,4
10357,29,"Male",29699,"HighSchool","South","Silver","occasional",12213,"Clothing",1,6
4540,33,"Female",9195,"College","East","Regular","occasional",3526,"Electronics",0,6
33288,26,"Female",29636,"Bachelor","South","Regular","rare",12438,"Books",0,6
71008,29,"Male",29553,"Masters","East","Regular","occasional",10110,"Clothing",1,3
20980,29,"Male",40224,"Bachelor","North","Regular","frequent",16942,"Electronics",0,6
85955,30,"Female",23131,"HighSchool","West","Regular","occasional",8791,"Home",1,5
72979,26,"Female",25905,"HighSchool","North","Regular","occasional",7686,"Electronics",0,5
92788,30,"Male",44500,"College","West","Gold","occasional",18006,"Electronics",0,7
37856,33,"Female",45097,"College","West","Regular","occasional",14079,"Home",1,5
5808,33,"Female",40436,"HighSchool","West","Regular","occasional",16306,"Electronics",0,5
28784,28,"Female",35377,"Bachelor","West","Regular","rare",10157,"Electronics",0,4
89160,29,"Female",6715,"HighSchool","North","Regular","rare",2524,"Health",0,5
25777,29,"Female",30326,"HighSchool","East","Regular","frequent",10819,"Electronics",0,4
92353,31,"Female",18755,"Masters","South","Regular","occasional",7180,"Electronics",1,5
61361,37,"Male",48138,"College","West","Silver","frequent",13552,"Books",0,4
4195,28,"Female",22585,"Bachelor","South","Gold","rare",7072,"Electronics",0,6
71337,27,"Female",27203,"College","East","Silver","rare",9663,"Electronics",0,5
72636,27,"Male",40508,"HighSchool","East","Gold","rare",13355,"Electronics",0,4
19557,30,"Male",41513,"HighSchool","West","Regular","rare",14441,"Books",0,4
35895,36,"Female",12675,"Bachelor","West","Gold","rare",5135,"Electronics",1,5
44974,31,"Female",32500,"Bachelor","South","Silver","occasional",10878,"Electronics",0,5
71249,33,"Female",21525,"HighSchool","North","Regular","rare",7127,"Electronics",0,4
52689,25,"Female",23404,"Masters","East","Silver","rare",8400,"Books",0,6
99421,23,"Male",7627,"HighSchool","South","Gold","rare",2390,"Clothing",0,4
62871,27,"Male",7547,"HighSchool","East","Gold","occasional",1772,"Clothing",1,5
65148,33,"Male",27208,"College","South","Regular","frequent",9328,"Electronics",0,4
93993,27,"Female",21166,"HighSchool","East","Regular","rare",5544,"Clothing",0,3
63069,24,"Male",29898,"Masters","West","Regular","occasional",11742,"Home",0,6
39671,26,"Female",18290,"HighSchool","North","Regular","occasional",5161,"Books",0,5
48892,34,"Male",40432,"College","South","Regular","occasional",14342,"Books",0,5
53763,36,"Female",40265,"College","East","Regular","rare",13941,"Food",0,6
38614,30,"Female",20876,"Bachelor","West","Regular","occasional",6726,"Electronics",1,5
50387,36,"Female",14104,"Bachelor","West","Regular","frequent",5552,"Clothing",0,6
14359,28,"Male",28183,"HighSchool","South","Regular","rare",11182,"Clothing",1,6
18352,29,"Female",30128,"Bachelor","East","Regular","frequent",9338,"Electronics",0,6
41097,34,"Female",13751,"College","East","Regular","rare",4408,"Health",1,5
53415,27,"Male",25202,"College","South","Silver","rare",8157,"Food",0,5
51060,29,"Male",38896,"HighSchool","South","Regular","rare",11396,"Electronics",1,5
73119,32,"Female",12366,"HighSchool","East","Gold","rare",4069,"Food",0,6
81105,33,"Female",17671,"College","East","Regular","frequent",5804,"Electronics",0,6
44068,31,"Male",8795,"Bachelor","South","Silver","rare",3344,"Beauty",1,4
80387,30,"Male",43665,"College","West","Regular","frequent",13989,"Home",0,5
17866,33,"Male",15261,"College","West","Regular","rare",4823,"Books",0,4
68311,36,"Male",48217,"HighSchool","South","Regular","occasional",14962,"Electronics",1,6
25455,23,"Male",23698,"College","South","Regular","occasional",8051,"Clothing",0,5
3792,26,"Female",34431,"Bachelor","South","Regular","rare",14225,"Health",0,6
24188,29,"Female",18588,"Bachelor","South","Silver","rare",6262,"Electronics",0,6
23285,23,"Male",29768,"Masters","West","Regular","occasional",9697,"Food",0,6
37047,31,"Male",20715,"Bachelor","North","Regular","frequent",4875,"Clothing",0,6
52847,35,"Female",11021,"Masters","East","Regular","occasional",4307,"Food",0,6
42839,30,"Male",27213,"Bachelor","East","Regular","frequent",9841,"Electronics",0,4
36206,33,"Male",36904,"Bachelor","South","Regular","rare",12058,"Food",0,6
24222,26,"Male",20205,"HighSchool","East","Regular","frequent",6238,"Books",0,4
64467,39,"Female",21145,"College","South","Silver","occasional",7283,"Food",1,6
899,32,"Female",12928,"College","East","Silver","rare",4557,"Electronics",0,4
12041,35,"Male",34140,"HighSchool","South","Silver","occasional",12870,"Books",0,5
94479,39,"Female",10854,"Bachelor","West","Regular","occasional",3423,"Electronics",0,5
87958,33,"Female",25977,"College","South","Regular","rare",11000,"Electronics",1,5
6387,26,"Male",9227,"Bachelor","East","Silver","occasional",2415,"Clothing",0,5
83477,27,"Female",42570,"Masters","South","Regular","occasional",12582,"Books",1,4
92922,32,"Male",30780,"College","South","Regular","rare",12447,"Health",0,6
75140,32,"Female",45581,"College","East","Silver","rare",14251,"Books",1,5
74068,28,"Female",27780,"College","East","Regular","frequent",8063,"Electronics",0,3
47414,34,"Male",14162,"Bachelor","West","Silver","occasional",6029,"Clothing",0,6
54638,39,"Male",8477,"College","North","Regular","rare",3005,"Home",0,6
1177,27,"Female",5311,"College","North","Regular","frequent",1889,"Beauty",0,6
24187,28,"Female",8812,"HighSchool","West","Silver","rare",2719,"Home",0,5
25200,29,"Female",18654,"College","South","Regular","occasional",5602,"Electronics",0,5
3931,34,"Male",15630,"College","East","Gold","frequent",3957,"Electronics",0,6
78485,25,"Female",31952,"College","South","Gold","occasional",12985,"Electronics",0,4
4776,33,"Male",16627,"College","North","Silver","frequent",5242,"Books",0,5
79536,31,"Male",45775,"Bachelor","West","Regular","frequent",14793,"Electronics",1,4
41698,27,"Male",20639,"Bachelor","West","Regular","frequent",6157,"Books",0,6
7966,34,"Male",5792,"College","East","Gold","frequent",2350,"Books",0,5
35806,34,"Female",44920,"College","North","Regular","rare",15639,"Clothing",0,4
17297,27,"Female",7096,"College","West","Regular","occasional",2186,"Health",1,4
